Fetched At,Headline,Author,Link
2025-08-21 13:50:21.903676,US firm acquires Nepali startup Adex for USD 2.4 million,Onlinekhabar,https://english.onlinekhabar.com/us-firm-acquires-nepali-startup-adex-for-usd-2-4-million.html
2025-08-21 09:01:53.993535,PM Oli’s upcoming visit amid India and China 12-point agreement,Bhuwaneswor Pant,https://english.onlinekhabar.com/pm-olis-upcoming-visit-amid-india-and-china-12-point-agreement.html
2025-08-22 06:29:55.649852,For Nabin K Bhattarai live shows are the heart of music,Prasun Sangroula,https://english.onlinekhabar.com/nabin-k-bhattarai-live-heart-music.html
2025-08-24 04:25:34.908477,Nepal’s demographic dividend at risk,Alina Acharya,https://english.onlinekhabar.com/nepals-demographic-dividend-at-risk.html
2025-08-24 06:27:37.579664,Woman found dead inside suitcase in Rautahat identified,Onlinekhabar,https://english.onlinekhabar.com/woman-found-dead-rautahat-identified.html
2025-08-25 06:32:07.726278,Teej: You can eat these ‘pure’ food items on your fasting day in Nepal,Onlinekhabar,https://english.onlinekhabar.com/food-you-can-eat-in-teej.html
2025-08-25 07:19:37.670808,Teej and Rishi Panchami as the survival codes of civilisation,Kushum Sahi,https://english.onlinekhabar.com/teej-rishi-panchami-civilisation.html
2025-08-26 06:30:10.443097,Gao Liang: China respects sovereignty but Kalapani issue is for India and Nepal to settle,Basanta Basnet,https://english.onlinekhabar.com/gao-liang-china-india-nepal-settle.html
2025-08-26 07:19:01.456282,Pashupatinath temple comes alive with devotees and rituals on Teej (Photo Feature),Chandra Bahadur Ale,https://english.onlinekhabar.com/pashupatinath-temple-teej.html
2025-08-26 08:27:39.723357,Nishant Nair: Street View brings Nepal’s landscapes and heritage closer to the world,Sahadev Chaudhary,https://english.onlinekhabar.com/nishant-nair-street-view.html
2025-08-27 08:25:29.858765,Ganesh Puja in Kamaladi (Photos),Chandra Bahadur Ale,https://english.onlinekhabar.com/ganesh-puja-in-kamaladi-photos.html
2025-08-27 10:19:28.196768,"Foreign players from Thailand, Netherlands, Russia and Brazil set to compete in EWVL",Govinda Raj Nepal,https://english.onlinekhabar.com/foreign-players-to-compete-in-ewvl.html
2025-08-27 12:39:27.206198,Why Kathmandu needs more public spaces?,Neha Khanal,https://english.onlinekhabar.com/why-kathmandu-needs-more-public-spaces.html
2025-08-28 08:25:32.282425,Rishipanchami observed with ritual bath and worship in Gaurighat (Photos),Chandra Bahadur Ale,https://english.onlinekhabar.com/rishipanchami-observed-with-ritual-bath-and-worship-in-gaurighat.html
2025-08-28 11:15:47.039132,Court approves four-day custody for RSP leader Arnico Panday,Onlinekhabar,https://english.onlinekhabar.com/custody-for-rsp-leader-arnico-panday.html
2025-08-29 05:18:21.436963,NOC branch staff completely replaced after reports of irregularities,Dinesh Gautam,https://english.onlinekhabar.com/noc-branch-staff-completely-replaced-after-reports-of-irregularities.html
2025-08-29 06:28:13.609460,Experts urge urgent action to prevent cholera epidemic in Nepal,Pusparaj Chaulagain,https://english.onlinekhabar.com/prevent-cholera-epidemic-in-nepal.html
2025-08-29 09:19:59.659085,"After high school, why so many Nepali students feel lost",Prabhat Panthi,https://english.onlinekhabar.com/after-high-school-why-so-many-nepali-students-feel-lost.html
2025-08-31 03:06:32.541998,All you need to know about the Miss Nepal 2025 winners,Onlinekhabar,https://english.onlinekhabar.com/the-miss-nepal-2025-winners.html
2025-08-31 08:22:09.535953,"Nepal’s food bowl is drying up, and no one was listening",Gaurav Pokharel,https://english.onlinekhabar.com/nepals-food-bowl-is-drying-up.html
2025-09-01 06:31:55.263263,"How food shapes our health, mind, and future",Naina Tamang,https://english.onlinekhabar.com/how-food-shapes-our-health-mind-and-future.html
2025-09-01 07:19:58.509311,Private schools rally with buses on ring road demanding changes in Education Bill (Photos),Onlinekhabar,https://english.onlinekhabar.com/private-schools-rally-with-buses.html
2025-09-01 09:23:03.592480,From Australia to Miss Nepal World 2025 Luna Luitel embraces responsibility and dreams big,Bishnu Sharma,https://english.onlinekhabar.com/miss-nepal-world-2025-luna-luitel.html
2025-09-02 03:05:53.282840,Talks of flights and futures mark PM Oli’s meeting with Putin,Onlinekhabar,https://english.onlinekhabar.com/pm-olis-meeting-with-putin.html
2025-09-02 06:29:46.770078,Parents left behind: The hidden cost of the visa dreams,Gyata Shrestha,https://english.onlinekhabar.com/parents-left-behind-the-hidden-cost-of-the-visa-dreams.html
2025-09-02 08:26:31.300522,Nepal to register and monitor foreign tourists through electronic system,Onlinekhabar,https://english.onlinekhabar.com/monitor-tourists-electronic-system.html
2025-09-02 10:20:25.399840,Mastermind of kidney trafficking arrested: Over 100 Nepalis’ kidneys sold in India,Narayan Adhikari,https://english.onlinekhabar.com/mastermind-kidney-trafficking.html
2025-09-03 07:18:12.996175,Nepali footballers eager to take the field at Dasharath Stadium after two years,Govinda Raj Nepal,https://english.onlinekhabar.com/dasharath-stadium-after-two-years.html
2025-09-03 09:19:42.558026,Building Nepal’s future requires more than remittances,Prajina Darnal,https://english.onlinekhabar.com/nepals-requires-more-than-remittances.html
2025-09-03 11:15:50.711123,Of Gods and Goddesses: Kathmandu readies for the spectacle of Indra Jatra,Sangita Shrestha,https://english.onlinekhabar.com/of-gods-and-goddesses-kathmandu-readies-for-the-spectacle-of-indra-jatra.html
2025-09-04 07:18:01.406820,Indra Jatra kicks off with installation of ceremonial pole (Photos),Chandra Bahadur Ale,https://english.onlinekhabar.com/indra-jatra-kicks-off.html
2025-09-04 08:24:15.371463,6 health benefits of giving up fried foods,Onlinekhabar,https://english.onlinekhabar.com/6-health-benefits-of-giving-up-fried-foods.html
2025-09-04 09:19:47.674407,"Unregistered social media to be gradually blocked from today, Minister Gurung says",Onlinekhabar,https://english.onlinekhabar.com/shut-down-unregistered-social-media.html
2025-09-04 11:15:32.151078,4 key areas that could be affected by the social media block in Nepal,Onlinekhabar,https://english.onlinekhabar.com/4-affect-social-media-block-in-nepal.html
2025-09-05 07:18:24.814429,Here is how the social media ban could affect Nepali film and music,Onlinekhabar,https://english.onlinekhabar.com/social-media-ban-nepali-film-music.html
2025-09-05 08:24:33.391281,The Metamorphosis: The tragedy of alienation,Nora Bhattarai,https://english.onlinekhabar.com/the-metamorphosis-the-tragedy-of-alienation.html
2025-09-06 02:53:43.951057,Banning the Social Media: Why Nepal’s blanket social media ban misses the mark,Prabin Subedi,https://english.onlinekhabar.com/banning-the-social-media.html
2025-09-07 08:21:16.236146,"Total Lunar Eclipse tonight, moon to appear red",Onlinekhabar,https://english.onlinekhabar.com/total-lunar-eclipse-tonight-moon-to-appear-red.html
2025-09-07 09:16:23.016187,Suspects nabbed in Boudha khukuri attack following month-long manhunt,Narayan Adhikari,https://english.onlinekhabar.com/khukuri-attack-suspects-arrested.html
2025-09-08 03:06:06.510631,An open letter to Gen Z protestors,Saugat Gautam,https://english.onlinekhabar.com/an-open-letter-to-gen-z-protestors.html
2025-09-08 06:30:01.228364,"Gen Z takes to the streets against corruption, mismanagement, and social media ban (Photo Feature)",Prasun Sangroula,https://english.onlinekhabar.com/gen-z-takes-to-the-streets.html
2025-09-08 08:27:31.967945,Gen Z Protest: One killed in police firing,Onlinekhabar,https://english.onlinekhabar.com/gen-z-protest-one-killed-in-police-firing.html
2025-09-08 10:21:45.073613,Gen Z Protests: Death toll rises to 14,Onlinekhabar,https://english.onlinekhabar.com/gen-z-protests-death-toll-rises-to-14.html
2025-09-08 11:16:40.663938,Curfew imposed in Rupandehi,Onlinekhabar,https://english.onlinekhabar.com/curfew-imposed-in-rupandehi.html
2025-09-08 13:30:04.454640,Curfew imposed in Itahari,Onlinekhabar,https://english.onlinekhabar.com/curfew-imposed-in-itahari.html
2025-09-08 14:19:46.299436,Explainer: Gen Z protest and the government’s brutal crackdown,Prasun Sangroula,https://english.onlinekhabar.com/explainer-gen-z-protest-gov-brutality.html
2025-09-09 05:18:19.864262,"Minister Adhikari resigns, calling government action undemocratic",Onlinekhabar,https://english.onlinekhabar.com/minister-ram-nath-adhikari-resigns.html
2025-09-09 07:18:56.475438,Generation-Z Protest escalates: Updates,Onlinekhabar,https://english.onlinekhabar.com/generation-z-protest-escalates-updates.html
2025-09-09 08:26:46.228514,Tribhuvan International Airport shuts down,Onlinekhabar,https://english.onlinekhabar.com/tribhuvan-international-airport-shuts-down.html
2025-09-09 10:20:46.242259,"Oli resigns, cites move as step towards political resolution",Onlinekhabar,https://english.onlinekhabar.com/oli-resigns-cites-move-as-step-towards-political-resolution.html
2025-09-09 16:24:08.652072,Army Chief urges protesters to embrace dialogue for peaceful resolution,Onlinekhabar,https://english.onlinekhabar.com/army-chief-urges-to-embrace-dialogue.html
2025-09-10 04:21:48.899877,Kathmandu in ruins (Photos),Onlinekhabar,https://english.onlinekhabar.com/kathmandu-in-ruins-photos.html
2025-09-10 06:28:33.832571,Curfew imposed nationwide,Onlinekhabar,https://english.onlinekhabar.com/curfew-imposed-nationwide.html
2025-09-10 11:15:19.118076,Tribhuvan International Airport resumes operations,Onlinekhabar,https://english.onlinekhabar.com/tribhuvan-international-airport-resumes-operations.html
2025-09-10 16:23:46.260634,Dispute erupts over proposal of former CJ Sushila Karki as next government leader,Onlinekhabar,https://english.onlinekhabar.com/former-cj-sushila-karki-next-gov-lead.html
2025-09-11 02:59:54.251426,Curfew imposed in Kathmandu valley until Friday,Onlinekhabar,https://english.onlinekhabar.com/curfew-imposed-in-kathmandu-valley.html
2025-09-11 07:18:26.315317,"Over 14,000 prisoners escape nationwide,1,455 rearrested so far",Onlinekhabar,https://english.onlinekhabar.com/over-14000-prisoners-escape.html
2025-09-11 08:25:32.449789,Gold smuggling kingpin Gore escapes from prison,Onlinekhabar,https://english.onlinekhabar.com/gold-smuggling-kingpin-gore-escapes-from-prison.html
2025-09-11 12:37:37.292607,President: Efforts underway to resolve crisis within constitutional framework,Onlinekhabar,https://english.onlinekhabar.com/president-efforts-underway-to-resolve-crisis-within-constitutional-framework.html
2025-09-12 04:21:36.076106,"Daytime curfew lifted, restrictions still in place",Onlinekhabar,https://english.onlinekhabar.com/daytime-curfew-lifted-restrictions-still-in-place.html
2025-09-12 05:17:13.352635,Discussion at Sheetal Niwas postponed for a few hours,Onlinekhabar,https://english.onlinekhabar.com/discussion-at-sheetal-niwas-postponed-for-a-few-hours.html
2025-09-12 13:25:40.731910,Gen-Z Movement: Thamel caught in a strain,Sapeksha,https://english.onlinekhabar.com/gen-z-movement-thamel-caught-in-a-strain.html
2025-09-12 14:17:41.508215,Decoding Nepal’s Gen Z Protest for political transformation,Kushal Pokharel,https://english.onlinekhabar.com/decoding-nepals-gen-z-protest-for-political-transformation.html
2025-09-12 15:18:33.421323,Office of the President announces: New Prime Minister’s oath at 9 PM,Onlinekhabar,https://english.onlinekhabar.com/office-of-the-president-announces-new-prime-ministers-oath-at-9-pm.html
2025-09-12 16:20:07.083074,"Sushila Karki appointed Prime Minister under Article 61, becomes Nepal’s first female head of government",Onlinekhabar,https://english.onlinekhabar.com/sushila-karki-appointed-prime-minister-under-article-61-becomes-nepals-first-female-head-of-government.html
2025-09-14 04:21:17.854713,Discussion on opening Dashain advance ticket booking today,Onlinekhabar,https://english.onlinekhabar.com/discussion-on-opening-dashain-advance-ticket-booking-today.html
2025-09-14 05:16:50.676540,President appeals for cooperation to hold elections on announced date,Onlinekhabar,https://english.onlinekhabar.com/president-appeals-for-cooperation-to-hold-elections-on-announced-date.html
2025-09-14 07:16:08.952055,Death toll in Gen Z movement rises to 72,Onlinekhabar,https://english.onlinekhabar.com/death-toll-in-gen-z-movement-rises-to-72.html
2025-09-14 09:16:48.257548,Government to cover expenses of families of those killed in protests,Onlinekhabar,https://english.onlinekhabar.com/government-to-cover-expenses-of-families-of-those-killed-in-protests.html
2025-09-15 08:26:13.965786,"Home Minister announces mourning day, support for families of Gen-Z protest victims",Onlinekhabar,https://english.onlinekhabar.com/home-minister-announces-mourning-day-support-for-families-of-gen-z-protest-victims.html
2025-09-15 11:15:54.058538,Nepal’s Gen Z protest: A revolution to shape the future,Sandesh Bhandari,https://english.onlinekhabar.com/nepals-gen-z-protest-a-revolution-to-shape-the-future.html
2025-09-16 08:26:22.879340,UAE tightens visit visa rules for Nepalis,Onlinekhabar,https://english.onlinekhabar.com/uae-tightens-visit-visa-rules-for-nepalis.html
2025-09-16 10:20:19.894090,Kulman Ghising and Om Prakash Aryal join Gen Z funeral procession (Photos),Onlinekhabar,https://english.onlinekhabar.com/kulman-ghising-and-om-prakash-aryal-join-gen-z-funeral-procession-photos.html
2025-09-16 11:15:33.746193,Why Nepal’s political change needs a cultural conscience?,Gaurav Ojha,https://english.onlinekhabar.com/why-nepals-political-change-needs-a-cultural-conscience.html
2025-09-17 09:19:49.390362,"Charred body found at Koteshwor Bhatbhateni, Gen-Z protest death toll rises to 74",Onlinekhabar,https://english.onlinekhabar.com/charred-body-found-at-koteshwor-bhatbhateni-gen-z-protest-death-toll-rises-to-74.html
2025-09-18 07:17:49.992052,Nepalis face residency permit cancellation at Lisbon Airport,Kapil Dev Khanal,https://english.onlinekhabar.com/nepalis-face-residency-permit-cancellation-at-lisbon-airport.html
2025-09-18 08:24:27.767860,Trading halted after triple negative circuit break on NEPSE,Onlinekhabar,https://english.onlinekhabar.com/trading-halted-after-triple-negative-circuit-break-on-nepse.html
2025-09-18 11:15:07.085163,"4 government buildings, including Supreme Court, declared unfit for use",Achyut Puri,https://english.onlinekhabar.com/4-government-buildings-including-supreme-court-declared-unfit-for-use.html
2025-09-19 09:20:27.706036,"Data of smart licenses safe, printing to begin",Onlinekhabar,https://english.onlinekhabar.com/data-of-smart-licenses-safe-printing-to-begin.html
2025-09-21 07:15:32.138211,Muglin-Narayangadh road closed for 38 hours as landslide clearance continues,Onlinekhabar,https://english.onlinekhabar.com/muglin-narayangadh-road-landslide.html
2025-09-21 08:21:15.173898,What are the chances of rain during Dashain this year?,Onlinekhabar,https://english.onlinekhabar.com/how-likely-is-a-rainy-dashain-this-year.html
2025-09-21 11:13:21.844609,Injured Gen Z protesters stage sit-in at Singha Durbar gate (Photos),Chandra Bahadur Ale,https://english.onlinekhabar.com/gen-z-protesters-sit-in-singha-durbar.html
2025-09-22 06:30:33.236174,"Ghatasthapana performed at Hanumandhoka, marking the start of Dashain festival (Photos)",Chandra Bahadur Ale,https://english.onlinekhabar.com/ghatasthapana-performed-hanumandhoka.html
2025-09-22 09:23:00.407584,Escaped inmates gradually returning to Gandaki prisons with police still searching,Onlinekhabar,https://english.onlinekhabar.com/inmates-returning-to-gandaki-prisons.html
2025-09-22 11:16:44.056479,Four new ministers take the oath,Onlinekhabar,https://english.onlinekhabar.com/four-new-ministers-take-the-oath.html
2025-09-23 06:29:20.631622,Eva Maria Belser: Even a small country can practice effective federalism,Krishna Gyawali,https://english.onlinekhabar.com/eva-maria-belser-federalism.html
2025-09-23 08:24:58.274041,"Files from Tax Settlement, Swarnalaxmi Cooperative, and Tinkune Violence cases go missing",Janardan Baral,https://english.onlinekhabar.com/major-case-files-missing.html
2025-09-24 08:26:44.842347,Nepal initiates diplomatic efforts after UAE and other nations tighten visa rules,Onlinekhabar,https://english.onlinekhabar.com/nepal-initiates-diplomatic-efforts-after-uae-and-other-nations-tighten-visa-rules.html
2025-09-24 09:20:27.270688,Government moves ahead with election preparations while major parties remain uncertain,Raghunath Bajagain,https://english.onlinekhabar.com/government-moves-ahead-with-election.html
2025-09-24 12:39:01.722573,Post Gen Z Protests: Is the country dancing on the pinhead? What needs to be done?,Chaitanya Mishra,https://english.onlinekhabar.com/post-gen-z-protests-is-the-country-dancing-on-the-pinhead-what-needs-to-be-done.html
2025-09-25 07:18:53.128757,Justice remains elusive as survivors file thousands of sexual violence complaints,Sudarshan Khatiwada,https://english.onlinekhabar.com/justice-of-sexual-violence-complaints.html
2025-09-25 11:16:41.267821,Dealers struggle as Dashain auto market falls silent,Ritu Kafle,https://english.onlinekhabar.com/dealers-struggle-as-dashain-auto-market-falls-silent.html
2025-09-26 06:28:30.928189,Intellectual Council urges Oli to hand over UML leadership via central committee,Onlinekhabar,https://english.onlinekhabar.com/intellectual-council-urges-oli-to-hand-over-uml-leadership-via-central-committee.html
2025-09-26 07:18:18.709246,Education Minister issues four-point instruction to CTEVT,Rastriya Samachar Samiti (RSS),https://english.onlinekhabar.com/education-minister-issues-four-point-instruction-to-ctevt.html
2025-09-26 10:19:40.385808,Nepal’s Gen Z movement captures French media and inspires protesters,Oscar Gruson,https://english.onlinekhabar.com/gen-z-movement-captures-french-media.html
2025-09-28 05:17:29.782906,Historic triumph as Nepal beats West Indies in T20I,Onlinekhabar,https://english.onlinekhabar.com/nepal-beats-west-indies-in-t20i.html
2025-09-29 04:23:33.375858,Phulpati being observed today,Onlinekhabar,https://english.onlinekhabar.com/phulpati-being-observed-today.html
2025-09-30 06:29:52.476962,Various ways you can enjoy goat meat this Dashain festival,Onlinekhabar,https://english.onlinekhabar.com/make-goat-meat-this-dashain-festival.html
2025-09-30 07:18:58.421880,Manaslu climbing in autumn starts on encouraging note; Nima Chhiring sets new record,Onlinekhabar,https://english.onlinekhabar.com/manaslu-climbing-in-autumn-starts-on-encouraging-note-nima-chhiring-sets-new-record.html
2025-10-01 06:29:14.564329,Clay and culture: The making of Durga idols,Subeksha Pokhrel,https://english.onlinekhabar.com/clay-and-culture-the-making-of-durga-idols.html
2025-10-02 04:21:22.843992,"Nepalis celebrate Bijaya Dashami, auspicious Tika time set at 11:53 am",Onlinekhabar,https://english.onlinekhabar.com/nepalis-celebrate-bijaya-dashami-auspicious-tika-time-set-at-1153-am.html
2025-10-02 05:17:45.626772,"Monsoon triggers flood and landslide risks in several districts, DHM issues special alert",Onlinekhabar,https://english.onlinekhabar.com/monsoon-triggers-flood-and-landslide-risks-in-several-districts-dhm-issues-special-alert.html
2025-10-03 05:18:06.051364,"CAA publishes domestic airfare rates, Kathmandu–Dhangadhi at Rs 17,579",Onlinekhabar,https://english.onlinekhabar.com/caa-publishes-domestic-airfare-rates-kathmandu-dhangadhi-at-rs-17579.html
2025-10-04 07:15:46.644332,Travel in and out of Kathmandu Valley halted for 3 days,Onlinekhabar,https://english.onlinekhabar.com/travel-in-and-out-of-kathmandu-valley-halted-for-3-days.html
2025-10-04 08:21:41.246761,"Flood risks in Kathmandu, KMC launches helpline service",Onlinekhabar,https://english.onlinekhabar.com/flood-risks-in-kathmandu-kmc-launches-helpline-service.html
2025-10-05 05:16:45.373949,"Long-distance travel from Kathmandu remains suspended, tickets to be refunded",Onlinekhabar,https://english.onlinekhabar.com/travel-kathmandu-remains-suspended.html
2025-10-05 06:25:41.974032,"Heavy rain risk eases in Kathmandu Valley, shifts to Koshi Province",Onlinekhabar,https://english.onlinekhabar.com/heavy-rain-risk-eases-in-kathmandu-valley-shifts-to-koshi-province.html
2025-10-05 14:15:20.876778,Death toll from landslides and floods rises to 52 across Nepal,Onlinekhabar,https://english.onlinekhabar.com/death-toll-52-across-nepal.html
2025-10-06 04:22:23.764655,Floods and landslides obstruct roads at 19 locations in Koshi and Bagmati Provinces,Onlinekhabar,https://english.onlinekhabar.com/floods-landslides-obstruct-locations.html
2025-10-06 06:29:32.528573,Hundreds stranded on Everest’s eastern side after heavy snowfall,Onlinekhabar,https://english.onlinekhabar.com/hundreds-stranded-on-everests.html
2025-10-06 08:26:15.716799,Nighttime vehicle movement banned indefinitely on Hetauda–Kathmandu short route,Onlinekhabar,https://english.onlinekhabar.com/vehicle-banned-hetauda-kathmandu.html
2025-10-07 06:28:34.578405,AI and fake accounts drove one third of online buzz during Nepal Gen Z uprising,Onlinekhabar,https://english.onlinekhabar.com/ai-fake-account-gen-z-uprising.html
2025-10-07 07:18:54.626920,When Nepal’s youth dared to dream of a better tomorrow,Amrita Ban,https://english.onlinekhabar.com/youth-dream-better-tomorrow.html
2025-10-08 04:22:39.944601,When a joke fuels division: Casual hate speech and the Gen Z revolution in Nepal,Mimamsha Dhungel,https://english.onlinekhabar.com/hate-speech-gen-z-revolution-in-nepal.html
2025-10-08 11:15:47.672857,Election Commission invites parties for talks on upcoming House election,Onlinekhabar,https://english.onlinekhabar.com/election-commission-invites-parties.html
2025-10-09 04:22:49.732808,"Gen Z movement in Nepal at a crossroads: Between reform, revolt and reflection",Samrat Sharma,https://english.onlinekhabar.com/gen-z-movement-in-nepal-at-a-crossroads-between-reform-revolt-and-reflection.html
2025-10-10 07:18:51.673601,Flowers ready for Tihar Festival (Photos),Bikash Shrestha,https://english.onlinekhabar.com/flowers-ready-for-tihar-festival-photos.html
2025-10-10 08:25:49.162929,Who do student unions stand for? Questions rise after Gen Z Movement,Prasun Sangroula,https://english.onlinekhabar.com/student-unions-gen-z-movement.html
2025-10-12 05:16:57.358350,The rise of Nepal’s first woman Prime Minister,Pransu Khakurel,https://english.onlinekhabar.com/nepals-first-woman-prime-minister.html
2025-10-12 08:23:33.662983,Fear among Raute community after drunk intruders enter settlement; security demanded,Onlinekhabar,https://english.onlinekhabar.com/fear-among-raute-community-after-drunk-intruders-enter-settlement-security-demanded.html
2025-10-12 15:16:48.105076,Nepal secure dramatic one-run win over UAE in T20 Qualifier,Onlinekhabar,https://english.onlinekhabar.com/nepal-secure-dramatic-one-run-win.html
2025-10-13 07:19:43.714905,"Israeli officials confirm Bipin Joshi, held by Hamas, is no longer alive",Onlinekhabar,https://english.onlinekhabar.com/bipin-joshi-is-no-longer-alive.html
2025-10-13 08:28:20.919594,"Fund resilience, not disasters: Building a safer future for Nepal",Kriti Bhuju,https://english.onlinekhabar.com/fund-resilience-not-disasters-building-a-safer-future-for-nepal.html
2025-10-13 15:19:42.860945,"Hamas confirms Bipin Joshi’s death, body to be handed over to Israel today",Onlinekhabar,https://english.onlinekhabar.com/hamas-confirms-bipin-joshis-death.html
2025-10-14 04:23:05.059460,Lamichhane’s 5 wickets seal Nepal’s 5-run win over Qatar,Onlinekhabar,https://english.onlinekhabar.com/lamichhanes-5-wickets.html
2025-10-14 07:19:31.941557,Writ petitions surge in SC against interim government and house dissolution,Onlinekhabar,https://english.onlinekhabar.com/writ-against-interim-government.html
2025-10-14 08:24:48.275273,Nepali Congress leaders gather for central committee meeting amid tight security (Photos),Aryan Dhimal,https://english.onlinekhabar.com/nepali-congress-gather-tight-security.html
2025-10-15 08:27:42.880797,Chasing the mirage: Nepal’s youth and the ‘Grass is Greener’ syndrome,Raju Bhetwaal,https://english.onlinekhabar.com/chasing-the-mirage-nepals-youth-and-the-grass-is-greener-syndrome.html
2025-10-15 16:20:48.299682,Nepal qualifies for T20 World Cup for the second consecutive time,Onlinekhabar,https://english.onlinekhabar.com/nepal-qualifies-for-t20-world-cup.html
2025-10-16 04:22:24.579127,Rohit Paudel: Dream of playing second consecutive T20 World Cup comes true,Onlinekhabar,https://english.onlinekhabar.com/rohit-paudel-t20-world-cup-comes-true.html
2025-10-16 11:16:38.927866,"In turbulent trade times, South Asia needs reform, cooperation and resilience",Onlinekhabar,https://english.onlinekhabar.com/trade-south-asia-needs-cooperation.html
2025-10-16 13:31:14.528338,Government to recall ambassadors appointed during KP Oli’s tenure,Onlinekhabar,https://english.onlinekhabar.com/government-to-recall-ambassadors.html
2025-10-17 07:18:48.591316,Hypocrisy in Nepal’s streets of protest,Nivedita Poudel,https://english.onlinekhabar.com/hypocrisy-in-nepals-streets-of-protest.html
2025-10-17 08:26:42.265500,Eco-friendly Tihar: Our responsibility in nature conservation with our culture,Rabindra Lamichhane,https://english.onlinekhabar.com/eco-friendly-tihar-our-responsibility-in-nature-conservation-with-our-culture.html
2025-10-19 07:16:31.127199,Consider these 7 safety tips to enjoy Tihar responsibly,Onlinekhabar,https://english.onlinekhabar.com/safety-tips-to-enjoy-tihar-festival.html
2025-10-19 08:21:50.073553,Beyond lights and colours: Understanding the symbolism of Tihar,Kamal Bhattarai,https://english.onlinekhabar.com/tihar-festival-nepal-significance.html
2025-10-20 03:15:26.447479,Body of Bipin Joshi being brought home today,Onlinekhabar,https://english.onlinekhabar.com/body-of-bipin-joshi-home-today.html
2025-10-20 07:19:44.578697,Frequent ambassador changes raise concerns over Nepal’s diplomatic image,Prasun Sangroula,https://english.onlinekhabar.com/ambassador-nepals-diplomatic-image.html
2025-10-20 08:26:45.105172,"Police celebrate Kukur Tihar, award given to best dog Ghungroo (Photos)",Chandra Bahadur Ale,https://english.onlinekhabar.com/police-celebrate-kukur-tihar-award-given-to-best-dog-ghungroo-photos.html
2025-10-21 07:19:52.516253,Bipin Joshi’s funeral performed in Mahakali river,Onlinekhabar,https://english.onlinekhabar.com/bipin-joshis-funeral-mahakali.html
2025-10-21 08:28:04.518356,"In Nepal, nurses are serving tirelessly but living in despair",Pusparaj Chaulagain,https://english.onlinekhabar.com/nepal-nurses-are-serving-tirelessly.html
2025-10-21 10:20:37.024602,"Gen Z movement injured meet PM, demand justice and protection",Onlinekhabar,https://english.onlinekhabar.com/gen-z-movement-meet-pm.html
2025-10-22 10:21:34.162352,Mha Puja being observed today,Onlinekhabar,https://english.onlinekhabar.com/mha-puja-being-observed-today.html
2025-10-23 10:21:38.856289,"Injured Gen Z protester Dipendra receives Bhai Tika at hospital, sister blesses him to “stay strong”",Sapeksha,https://english.onlinekhabar.com/injured-gen-z-protester-dipendra-receives-bhai-tika-at-hospital-sister-blesses-him-to-stay-strong.html
2025-10-23 11:17:03.441050,Bhai Tika festivities at Ranipokhari (Photos),Aryan Dhimal,https://english.onlinekhabar.com/bhai-tika-festivities-at-ranipokhari-photos.html
2025-10-24 06:28:32.522977,The call of Thorong La Pass (Photos),Dinesh Gautam,https://english.onlinekhabar.com/the-call-of-thorong-la-pass-photos.html
2025-10-24 07:19:04.916503,"Premature cleanup could obscure facts behind Gen Z Movement incidents, experts warn",Onlinekhabar,https://english.onlinekhabar.com/cleanup-facts-behind-gen-z-movement.html
2025-10-26 05:18:14.051395,"Government finalizes four new ministers, oath taking ceremony set for today",Onlinekhabar,https://english.onlinekhabar.com/government-four-new-ministers.html
2025-10-26 06:27:27.087022,A French teacher’s mission to bring computer literacy to a remote Nepali village,Oscar Gruson,https://english.onlinekhabar.com/french-teachers-computer-literacy.html
2025-10-26 07:16:37.935590,NDRRMA calls for precaution with increased fire incidents,Rastriya Samachar Samiti (RSS),https://english.onlinekhabar.com/ndrrma-calls-for-precaution-with-increased-fire-incidents.html
2025-10-26 08:23:02.623688,Human Trafficking emerges as a pressing national challenge for Nepal,Manisha Bhattarai Bhatt,https://english.onlinekhabar.com/human-trafficking-emerges-as-a-pressing-national-challenge-for-nepal.html
2025-10-26 10:18:11.235874,Prime Minister Karki reshuffles cabinet for the third time,Onlinekhabar,https://english.onlinekhabar.com/prime-minister-karki-reshuffles-cabinet-for-the-third-time.html
2025-10-27 06:32:53.989172,Rare sundog phenomenon graces Kathmandu sky,Shankar Giri,https://english.onlinekhabar.com/rare-sundog-in-kathmandu-sky.html
2025-10-27 08:27:29.307699,Far-West Provincial Assembly meeting uncertain after Gen Z Movement; Donor support sought,Janak Bista,https://english.onlinekhabar.com/far-west-provincial-assembly-meeting-uncertain-after-gen-z-movement-donor-support-sought.html
2025-10-27 09:24:30.336919,"Kartik Naach begins in Patan today, continuing centuries-old tradition of divine dance and devotion",Onlinekhabar,https://english.onlinekhabar.com/kartik-naach-begins-in-patan-today-continuing-centuries-old-tradition-of-divine-dance-and-devotion.html
2025-10-28 05:19:54.284546,Annapurna Base Camp sees first major snowfall of the season (Photos),Dinesh Gautam,https://english.onlinekhabar.com/annapurna-base-camp-snowfall.html
2025-10-28 07:19:07.382289,Cyclone ‘Montha’ active in the Bay of Bengal: What impact will it have on Nepal?,Onlinekhabar,https://english.onlinekhabar.com/cyclone-montha-active-in-the-bay-of-bengal-what-impact-will-it-have-on-nepal.html
2025-10-28 10:22:24.393424,Livestock Nutrition Audit (LiNA): An emerging concept in sustainable animal farming,Boby Basnet,https://english.onlinekhabar.com/livestock-nutrition-audit-lina-an-emerging-concept-in-sustainable-animal-farming.html
2025-10-29 04:26:29.306831,Government to hold first-ever meeting with political parties and Gen Z,Onlinekhabar,https://english.onlinekhabar.com/government-meeting-parties-and-gen-z.html
2025-10-29 06:31:21.863276,"Nepali Army rescues 1,500 people trapped in snowfall",Onlinekhabar,https://english.onlinekhabar.com/1500-resuced-trapped-by-snowfall.html
2025-10-30 03:11:18.360745,Western wind and cyclone Motha continue to impact Nepal with scattered rainfall,Onlinekhabar,https://english.onlinekhabar.com/motha-continue-to-impact-nepal.html
2025-10-30 08:26:47.255600,Western wind and cyclone Montha continue to impact Nepal with scattered rainfall,Onlinekhabar,https://english.onlinekhabar.com/motha-continue-to-impact-nepal.html
2025-10-30 11:17:10.687913,When will the weather improve?,Onlinekhabar,https://english.onlinekhabar.com/when-will-the-weather-improve.html
2025-10-30 13:31:04.004336,Matt Ross resigns as head coach of Nepal’s National Football team,Onlinekhabar,https://english.onlinekhabar.com/matt-ross-resigns-as-head-coach.html
2025-10-31 06:30:45.055043,Landslides and mudslides block BP Highway in Kavrepalanchok,Kapil Koirala,https://english.onlinekhabar.com/bp-highway-blocked-landslide.html
2025-10-31 07:18:21.550886,Nurses across Nepal protest demanding fair pay and benefits,Onlinekhabar,https://english.onlinekhabar.com/nurses-across-nepal-protest.html
2025-10-31 09:21:01.360989,KMC urges residents to keep household waste at home,Onlinekhabar,https://english.onlinekhabar.com/kmc-urges-waste-at-home.html
2025-11-02 03:15:30.678721,Weather to gradually improve across Nepal from today as cyclone Montha weakens,Onlinekhabar,https://english.onlinekhabar.com/improve-cyclone-montha-weakens.html
2025-11-02 05:18:39.061346,A call for unity as Nepal stands again at the edge of political crisis,Tanka Karki,https://english.onlinekhabar.com/call-for-unity-nepal-political-crisis.html
2025-11-02 08:22:21.848132,Harka Sampang-led party receives official recognition; list of office bearers revealed,Onlinekhabar,https://english.onlinekhabar.com/harka-sampang-led-party-receives-official-recognition-list-of-office-bearers-revealed.html
2025-11-02 09:17:28.494459,Agreement reached to resume waste disposal at Bancharedanda; Minister Ghising pledges to meet demands within 15 days,Onlinekhabar,https://english.onlinekhabar.com/agreement-reached-to-resume-waste-disposal-at-bancharedanda-minister-ghising-pledges-to-meet-demands-within-15-days.html
2025-11-03 08:28:34.799311,7 types of vegan milk that are easy to digest and prepare,Onlinekhabar,https://english.onlinekhabar.com/7-types-of-vegan-milk-that-are-easy-to-digest-and-prepare.html
2025-11-03 11:16:57.763776,The Mayor’s outburst: A betrayal of the Gen Z mandate and a warning for Nepali democracy,Kiran Khanal,https://english.onlinekhabar.com/the-mayors-outburst-a-betrayal-of-the-gen-z-mandate-and-a-warning-for-nepali-democracy.html
2025-11-04 03:09:58.665095,Why normal delivery and proper aftercare matter for mothers and newborns,Noori Kumari Shah,https://english.onlinekhabar.com/why-normal-delivery-and-proper-aftercare-matter-for-mothers-and-newborns.html
2025-11-04 04:23:02.722258,Gen Z uprising in Nepal: A case of crisis in constitutionalism in South Asia,Shruti Dubey,https://english.onlinekhabar.com/gen-z-uprising-in-nepal-a-case-of-crisis-in-constitutionalism-in-south-asia.html
2025-11-04 07:19:46.168820,ANFA and clubs agree to hold National League this year and A Division League next year,Onlinekhabar,https://english.onlinekhabar.com/national-league-this-year.html
2025-11-05 04:23:54.190206,"A powerful tale of friendship, guilt and redemption in The Kite Runner",Aarohan Karki,https://english.onlinekhabar.com/a-powerful-tale-in-the-kite-runner.html
2025-11-05 06:30:42.221868,"Humla Police seize over 4,000 bottles of illegal Chinese liquor",Narjan Tamang,https://english.onlinekhabar.com/police-seize-illegal-chinese-liquor.html
2025-11-05 07:19:31.786216,Applications open for startup loans: What are the eligibility requirements?,Onlinekhabar,https://english.onlinekhabar.com/applications-open-for-startup-loans-what-are-the-eligibility-requirements.html
2025-11-05 12:41:32.503287,Nepali Communist Party formally announced as communist factions unite in Kathmandu,Onlinekhabar,https://english.onlinekhabar.com/nepali-communist-party-announced.html
2025-11-06 07:19:16.431242,The other side of the dream what it takes to study abroad,Shrijit Ghimire,https://english.onlinekhabar.com/what-it-takes-to-study-abroad.html
2025-11-06 08:27:35.753017,Players hang medals at ANFA gate in protest against league postponement,Onlinekhabar,https://english.onlinekhabar.com/players-hang-medals-at-anfa-gate-in-protest-against-league-postponement.html
2025-11-06 09:21:30.763903,Biplav-led NCP stages rally in Kathmandu demanding all-party interim government (Photos),Chandra Bahadur Ale,https://english.onlinekhabar.com/biplav-led-ncp-stages-rally.html
2025-11-07 06:30:25.253065,The consequences of uninformed investment in Nepal’s infrastructural industry,Ajeena Timilsina,https://english.onlinekhabar.com/investment-in-nepals-infrastructural.html
2025-11-07 09:21:18.567971,875 personal secretaries of lawmakers scrapped; Federal and Provincial Assembly officials displeased,Onlinekhabar,https://english.onlinekhabar.com/875-personal-secretaries-of-lawmakers-scrapped-federal-and-provincial-assembly-officials-displeased.html
2025-11-09 07:17:27.806105,Air pollution rising across Nepal with further increase expected,Onlinekhabar,https://english.onlinekhabar.com/air-pollution-rising-across-nepal.html
2025-11-09 08:21:56.672866,Microbial fuel cells: A clean energy and waste solution for Nepal’s future,Aayusha Acharya,https://english.onlinekhabar.com/microbial-fuel-cells-a-clean-energy-and-waste-solution-for-nepals-future.html
2025-11-10 07:19:28.922232,A trek for pleasure turns into a tragedy,Dinesh Gautam,https://english.onlinekhabar.com/a-trek-for-pleasure-turns-into-a-tragedy.html
2025-11-10 08:28:51.135411,Violence erupts in Madhesh over Chief Minister’s appointment,Onlinekhabar,https://english.onlinekhabar.com/violence-madhesh-chief-ministers.html
2025-11-11 07:19:44.156422,The book Nepal’s youth must read: Arundhati Roy’s Mother Mary Comes to Me,Neha Khanal,https://english.onlinekhabar.com/the-book-nepals-youth-must-read-arundhati-roys-mother-mary-comes-to-me.html
2025-11-11 08:27:05.752914,Dan Bahadur Karki’s road to the top of Nepal Police,Narayan Adhikari,https://english.onlinekhabar.com/dan-bahadur-karki-nepal-police.html
2025-11-12 06:31:13.459027,"Safe route to Mount Everest climbing reopening soon, 80 % work completed",Onlinekhabar,https://english.onlinekhabar.com/safe-route-to-mount-everest-climbing-reopening-soon-80-work-completed.html
2025-11-12 11:18:00.117197,Nepal begin with victory in Blind Women’s T20 World Cup,Onlinekhabar,https://english.onlinekhabar.com/nepal-begin-with-victory-in-blind-womens-t20-world-cup.html
2025-11-13 07:19:29.000292,"Chasing marks, killing curiosity: How GPA culture is destroying undergraduate research in Nepal",Nischal Adhikari,https://english.onlinekhabar.com/chasing-marks-killing-curiosity-how-gpa-culture-is-destroying-undergraduate-research-in-nepal.html
2025-11-13 08:27:10.844979,Nepal’s youth can redefine politics by learning from Mamdani’s movement,Kiran Khanal,https://english.onlinekhabar.com/learning-from-mamdanis-movement.html
2025-11-13 09:23:02.178916,"Over 30,000 new voters added in a day as Nepal begins voter registration using National ID data",Onlinekhabar,https://english.onlinekhabar.com/new-voters-added-national-id-data.html
2025-11-14 04:24:00.544697,"Celebrating Nepal Female Community Health Volunteers, but for how much longer?",Sankalpa Bhattarai,https://english.onlinekhabar.com/female-community-health-volunteer.html
2025-11-14 07:19:32.505766,Reviewing Jaari and Jaari 2 from the audience seat,Sandhya Subba (Singzango),https://english.onlinekhabar.com/reviewing-jaari-and-jaari-2-from-the-audience-seat.html
2025-11-14 08:27:00.644757,Meet the dynamic head coaches guiding teams into NPL’s second edition,Prateek Bhatta,https://english.onlinekhabar.com/meet-the-head-coaches-npl.html
2025-11-16 03:18:21.158061,TU Cricket Ground lights up for first-ever full floodlight test,Kamal Prasai,https://english.onlinekhabar.com/tu-cricket-ground-floodlight-test.html
2025-11-16 08:24:21.926597,PM and Ministers submit property declarations but withhold public disclosure,Raghunath Bajagain,https://english.onlinekhabar.com/pm-and-ministers-submit-property-declarations-but-withhold-public-disclosure.html
2025-11-17 06:31:43.738637,NPL: Janakpur bolts face Kathmandu Gurkhas in season opener today,Onlinekhabar,https://english.onlinekhabar.com/npl-janakpur-bolts-face-kathmandu-gurkhas-in-season-opener-today.html
2025-11-17 08:29:50.326907,NPL: All you need to know about eight teams,Onlinekhabar,https://english.onlinekhabar.com/eight-team-of-npl.html
2025-11-18 03:12:24.869026,Durga Prasai arrested in midnight operation,Onlinekhabar,https://english.onlinekhabar.com/durga-prasai-arrested-3.html
2025-11-18 07:19:44.956643,Security tightened in Kathmandu after Durga Prasai’s midnight arrest,Onlinekhabar,https://english.onlinekhabar.com/durga-prasai-arrest-security-tight.html
2025-11-18 08:28:01.572735,Nepal’s preventive diplomacy for peacemaking,Manisha Bhattarai Bhatt,https://english.onlinekhabar.com/nepals-preventive-diplomacy-for-peacemaking.html
2025-11-19 07:20:09.314538,Digital infidelity:  The silent erosion of modern marriages,Nabina Sapkota,https://english.onlinekhabar.com/digital-infidelity-the-silent-erosion-of-modern-marriages.html
2025-11-19 08:27:44.800976,Devotees perform satbij scattering ritual remembering ancestors (Photo),Chandra Bahadur Ale,https://english.onlinekhabar.com/devotees-perform-satbij-scattering-ritual-remembering-ancestors-photo.html
2025-11-19 09:23:05.739079,Youth protest in Simara Bazaar area defying curfew,Onlinekhabar,https://english.onlinekhabar.com/youth-protest-in-simara-bazaar-area-defying-curfew.html
2025-11-20 06:29:57.850500,Echoes of the soul: An exhibition that confronts the tension between self and society,Sangita Shrestha,https://english.onlinekhabar.com/echoes-of-the-soul-an-exhibition-that-confronts-the-tension-between-self-and-society.html
2025-11-20 08:28:15.413827,Simon R. Bellamy: AI is still not reliable for academic writing,Prasun Sangroula,https://english.onlinekhabar.com/simon-r-bellamy-education-inspector.html
2025-11-21 05:20:09.491870,Nepal’s digital uprising: A generation’s revolt against political decay,Koshraj Dahal,https://english.onlinekhabar.com/nepals-digital-uprising-a-generations-revolt-against-political-decay.html
2025-11-21 06:31:45.180625,Deepening Madhesh turmoil leaves UML increasingly isolated,Shailendra Mahato,https://english.onlinekhabar.com/uml-isolated-in-madhesh-politics.html
2025-11-21 08:28:37.196487,8 films that capture the essence of fatherhood,Onlinekhabar,https://english.onlinekhabar.com/8-films-that-capture-the-essence-of-fatherhood.html
2025-11-22 07:17:41.342527,Traditional Chinese Medicine emerges as key pillar of Nepal–China cooperation,Dr. Narendra Lamichhane,https://english.onlinekhabar.com/traditional-chinese-medicine-china.html
2025-11-23 06:29:19.052903,"Minimum 10 years for UK PR, 30 years for those living illegally",Nabin Pokhrel,https://english.onlinekhabar.com/minimum-10-years-for-uk-pr-30-years-for-those-living-illegally.html
2025-11-23 07:18:38.103362,Durga Prasai group calls off protest after reaching agreement with government,Onlinekhabar,https://english.onlinekhabar.com/durga-prasai-group-calls-off-protest-after-reaching-agreement-with-government.html
2025-11-23 08:25:09.163473,Over 1 million new voters added as Nepal prepares for March 2026 election,Raghunath Bajagain,https://english.onlinekhabar.com/one-million-voter-added-for-election.html
2025-11-24 08:29:57.276338,The intelligent circuit: How AI is redefining the  nature of electronics,Safal Pandey,https://english.onlinekhabar.com/the-intelligent-circuit-how-ai-is-redefining-the-nature-of-electronics.html
2025-11-24 10:23:38.762235,Number of registered political parties reaches 132,Onlinekhabar,https://english.onlinekhabar.com/number-of-registered-political-parties-reaches-132.html
2025-11-25 07:20:01.607637,CPN-UML registers for House of Representatives Election,Onlinekhabar,https://english.onlinekhabar.com/cpn-uml-registered-for-election.html
2025-11-25 08:29:12.075692,"Miraj Dhungana group stages protest at Singha Durbar, clashes with police",Onlinekhabar,https://english.onlinekhabar.com/miraj-dhungana-protest-singhadurbar.html
2025-11-25 10:24:41.063323,Janakpurdham celebrates Sitaram Bibah Panchami (Photos),Shailendra Mahato,https://english.onlinekhabar.com/janakpurdham-celebrates-sitaram-bibah-panchami-photos.html
2025-11-25 11:18:23.947984,Woman killed over Rs 500; body found 10 days later in Balaju cleanup drive,Onlinekhabar,https://english.onlinekhabar.com/woman-killed-over-rs-500-body-found-10-days-later-in-balaju-cleanup-drive.html
2025-11-26 06:31:58.403502,80 parties registered so far as deadline for election registration ends today,Onlinekhabar,https://english.onlinekhabar.com/election-registration-deadline-today.html
2025-11-26 07:19:53.344862,Dignified work for inclusive growth,Gita Subedi,https://english.onlinekhabar.com/dignified-work-for-inclusive-growth.html
2025-11-26 08:28:43.346047,KP Oli 2.0: Nepal’s Gen Z demands resignation of Interim PM Sushila Karki after police clash and nepotism scandal,Sandesh Lamsal,https://english.onlinekhabar.com/kp-oli-2-0-nepals-gen-z-demands-resignation-of-interim-pm-sushila-karki-after-police-clash-and-nepotism-scandal.html
2025-11-27 06:33:42.626582,Conquering the unclimbed Mt Chulu Far East,Onlinekhabar,https://english.onlinekhabar.com/mt-chulu-far-east-conquered.html
2025-11-27 07:20:40.919161,"PM Karki cuts secretariat to 6, removes 14 appointees over nepotism concerns",Onlinekhabar,https://english.onlinekhabar.com/pm-karki-cuts-secretariat-to-6-removes-14-appointees-over-nepotism-concerns.html
2025-11-28 06:32:07.385566,A 360-degree look at TU International Cricket Ground during the NPL (Photos),Kamal Prasai,https://english.onlinekhabar.com/npl-360-degree-view-tu-cricket-ground.html
2025-11-28 08:28:36.221801,Wheelchair accessible tours and trekking in Nepal: Opportunities and challenges,Bhanu Bhakta Khatiwada,https://english.onlinekhabar.com/wheelchair-accessible-tours-and-trekking-in-nepal-opportunities-and-challenges.html
2025-11-30 07:17:40.258989,Mustard blossoms turn Bethanchowk’s hillsides into a stunning tourist attraction,Kapil Koirala,https://english.onlinekhabar.com/bethanchowk-tourist-attraction.html
2025-11-30 09:18:51.110016,Ethical relativism vs absolutism: Implications for Nepal’s anti-corruption efforts,Ishub Khatiwada,https://english.onlinekhabar.com/ethical-relativism-vs-absolutism-implications-for-nepals-anti-corruption-efforts.html
2025-11-30 10:19:39.776167,Interview: “Nepal’s progress ultimately depends on its own domestic policies and structural reforms”,Janardan Baral,https://english.onlinekhabar.com/interview-imf-officials-nepal-growth.html
2025-11-30 12:38:05.334662,Interview: “IMF will work with any government to address Nepal’s youth and aspirations”,Janardan Baral,https://english.onlinekhabar.com/interview-imf-officials-nepal-growth.html
2025-12-01 08:32:19.250747,Interview: “IMF is a steadfast partner to address hopes and aspirations of Nepal’s youth.”,Janardan Baral,https://english.onlinekhabar.com/interview-imf-officials-nepal-growth.html
2025-12-01 09:29:11.265136,"“The CDO is accountable for district security, not the IGP,” says former IGP Khapung",Onlinekhabar,https://english.onlinekhabar.com/igp-khapung-on-gen-z-protest-security.html
2025-12-01 11:18:50.120385,Nepal loses over Rs 2.6 billion as unseasonal rains hit paddy production,Onlinekhabar,https://english.onlinekhabar.com/paddy-production-affected-rainfall.html
2025-12-02 07:23:08.810923,Impact of AI on contract law,Diwakar Dhakal,https://english.onlinekhabar.com/impact-of-ai-on-contract-law.html
2025-12-02 08:31:06.081195,Fight for Nepal’s future begins with the soil,Menila Kharel,https://english.onlinekhabar.com/nepal-future-begins-with-the-soil.html
2025-12-02 11:20:16.977780,Ovum Case: Supreme Court issues show-cause order against Attorney General’s decision,Onlinekhabar,https://english.onlinekhabar.com/ovum-case-supreme-court-issues-show-cause-order-against-attorney-generals-decision.html
2025-12-03 07:21:49.177131,How will the Nepal Army be deployed in the election?,Narayan Adhikari,https://english.onlinekhabar.com/how-will-the-nepal-army-be-deployed-in-the-election.html
2025-12-03 08:29:37.467910,"With foreign talent and rising crowds, Nepal’s cricket finds fresh energy",Prasun Sangroula,https://english.onlinekhabar.com/nepals-cricket-finds-fresh-energy.html
2025-12-04 06:32:56.825796,Know what are yomaris and learn how to cook them on your own,Nasana Bajracharya,https://english.onlinekhabar.com/yomari-punhi-newa-festival-nepal.html
2025-12-04 07:21:20.965271,Parties required to ensure 50 percent women on PR lists for upcoming election,Onlinekhabar,https://english.onlinekhabar.com/50-percent-women-in-election.html
2025-12-05 06:33:11.177069,SAFF Women’s Club Championship to begin from today,Onlinekhabar,https://english.onlinekhabar.com/saff-womens-club-championshio-today.html
2025-12-05 07:21:23.262945,Japan bound manpower firms left in limbo as Nepal stalls license renewals,Krishna Singh Dhami,https://english.onlinekhabar.com/japan-manpower-left-in-limbo.html
2025-12-05 10:22:25.276567,Foreign bats dominate while Nepali bowlers seize control in a tightening NPL playoff race,Prateek Bhatta,https://english.onlinekhabar.com/nepali-bowler-dominates-npl.html
2025-12-05 11:19:15.520143,Fearless and unbound Nepali youth make historic wheelchair bungee jump,Kapil Koirala,https://english.onlinekhabar.com/wheelchair-bungee-jump.html
2025-12-07 07:18:44.500066,Digital violence against women emerging as major peace and security threat,Manisha Bhattarai Bhatt,https://english.onlinekhabar.com/digital-violence-against-women-emerging-as-major-peace-and-security-threat.html
2025-12-07 09:19:26.545636,Nikesh Adhikari: Our goal is to turn Lumbini into a centre of opportunity and global cooperation,Onlinekhabar,https://english.onlinekhabar.com/lumbini-world-peace-program.html
2025-12-08 06:35:32.001727,"CIAA files corruption case over Pokhara International Airport, names Chinese contractor and 55 others",Onlinekhabar,https://english.onlinekhabar.com/ciaa-files-corruption-case-over-pokhara-international-airport-names-chinese-contractor-and-55-others.html
2025-12-08 08:31:56.855750,"From Gundruk to Kimchi, the microbial symphony behind fermentation",Arya Gautam,https://english.onlinekhabar.com/microbial-symphony-behind-microbial.html
2025-12-08 09:28:38.586004,Harka Sampang holds first public rally in Kathmandu after party registration (Photos),Chandra Bahadur Ale,https://english.onlinekhabar.com/harka-sampang-holds-first-public-rally-in-kathmandu-after-party-registration-photos.html
2025-12-09 03:18:55.535610,Breaking down the four NPL playoff contenders,Prateek Bhatta,https://english.onlinekhabar.com/four-npl-playoff-contenders.html
2025-12-09 07:22:11.892092,"Bhrikuti Paper Factory lies in ruins, workers unpaid for 15 years after privatisation",Subas Pandit,https://english.onlinekhabar.com/bhrikuti-paper-factory-lies-in-ruins-workers-unpaid-for-15-years-after-privatisation.html
2025-12-09 10:25:13.398771,The gig economy and Gen Z: Igniting Nepal’s leapfrog growth,Ashok Bhattarai,https://english.onlinekhabar.com/the-gig-economy-and-gen-z-igniting-nepals-leapfrog-growth.html
2025-12-10 08:30:23.105411,Chepang students send homegrown satellite into space,Onlinekhabar,https://english.onlinekhabar.com/chepang-student-satellite.html
2025-12-10 09:25:09.345301,Ground zero of global power: Navigating debt diplomacy and strategic balance in Nepal,Ganesh Amgain,https://english.onlinekhabar.com/ground-zero-of-global-power-navigating-debt-diplomacy-and-strategic-balance-in-nepal.html
2025-12-11 05:22:59.464817,NPL finalist to be decided today between Biratnagar and Lumbini,Onlinekhabar,https://english.onlinekhabar.com/npl-final-to-decide-today.html
2025-12-11 08:30:33.772872,"Government takes ownership of the Gen Z Movement, announces 10-point agreement",Kaushal Kaphle,https://english.onlinekhabar.com/government-takes-ownership-of-the-gen-z-movement-announces-10-point-agreement.html
2025-12-11 12:47:16.212292,5 things to pay attention to become strong and fit,Onlinekhabar,https://english.onlinekhabar.com/5-things-to-pay-attention-to-become-strong-and-fit.html
2025-12-11 14:22:32.162116,Lumbini Lions reach NPL final for the first time,Onlinekhabar,https://english.onlinekhabar.com/lumbini-lions-reach-npl-fina.html
2025-12-12 03:23:31.630884,Government reports Rs 84 billion loss from Gen Z Movement,Onlinekhabar,https://english.onlinekhabar.com/government-reports-rs-84-billion-loss-from-gen-z-movement.html
2025-12-12 11:19:59.533345,APF Nepal to mobilize in second circle in upcoming HoR election,Onlinekhabar,https://english.onlinekhabar.com/apf-nepal-to-mobilize-in-second-circle-in-upcoming-hor-election.html
2025-12-12 12:44:07.634447,Dhurmus says a green card was not an escape to the USA,Onlinekhabar,https://english.onlinekhabar.com/dhurmus-says-a-green-card-was-not-an-escape-to-the-usa.html
